mutation	mutation_count	lineage_count	gene	ref_aa	alt_aa	codon_num	codon_end	type	prevalence	change_length_nt	pangolin_lineage	id	source
"s:d614g"	681066	686013	"S"	"D"	"G"	614	"None"	"substitution"	0.9927887663936398	"None"	"B.1.1.7"	"s_d614g"	
"orf1a:t1001i"	680389	686013	"ORF1a"	"T"	"I"	1001	"None"	"substitution"	0.9918019046286295	"None"	"B.1.1.7"	"orf1a_t1001i"	
"s:d1118h"	680158	686013	"S"	"D"	"H"	1118	"None"	"substitution"	0.9914651763159007	"None"	"B.1.1.7"	"s_d1118h"	
"s:a570d"	679227	686013	"S"	"A"	"D"	570	"None"	"substitution"	0.9901080591767212	"None"	"B.1.1.7"	"s_a570d"	
"orf1a:a1708d"	677676	686013	"ORF1a"	"A"	"D"	1708	"None"	"substitution"	0.9878471690769709	"None"	"B.1.1.7"	"orf1a_a1708d"	
"orf1b:p314l"	677513	686013	"ORF1b"	"P"	"L"	314	"None"	"substitution"	0.9876095642502402	"None"	"B.1.1.7"	"orf1b_p314l"	
"orf8:y73c"	676913	686013	"ORF8"	"Y"	"C"	73	"None"	"substitution"	0.9867349452561395	"None"	"B.1.1.7"	"orf8_y73c"	
"n:s235f"	676664	686013	"N"	"S"	"F"	235	"None"	"substitution"	0.9863719783735877	"None"	"B.1.1.7"	"n_s235f"	
"orf8:q27*"	675612	686013	"ORF8"	"Q"	"*"	27	"None"	"substitution"	0.9848384797372645	"None"	"B.1.1.7"	"orf8_q27*"	
"s:s982a"	675269	686013	"S"	"S"	"A"	982	"None"	"substitution"	0.9843384892123036	"None"	"B.1.1.7"	"s_s982a"	
"s:t716i"	675099	686013	"S"	"T"	"I"	716	"None"	"substitution"	0.9840906804973084	"None"	"B.1.1.7"	"s_t716i"	
"orf8:r52i"	674178	686013	"ORF8"	"R"	"I"	52	"None"	"substitution"	0.9827481403413638	"None"	"B.1.1.7"	"orf8_r52i"	
"s:p681h"	674011	686013	"S"	"P"	"H"	681	"None"	"substitution"	0.9825047047213391	"None"	"B.1.1.7"	"s_p681h"	
"n:d3l"	671327	686013	"N"	"D"	"L"	3	"None"	"substitution"	0.978592242421062	"None"	"B.1.1.7"	"n_d3l"	
"n:r203k"	671237	686013	"N"	"R"	"K"	203	"None"	"substitution"	0.9784610495719469	"None"	"B.1.1.7"	"n_r203k"	
"s:n501y"	671052	686013	"S"	"N"	"Y"	501	"None"	"substitution"	0.9781913753820992	"None"	"B.1.1.7"	"s_n501y"	
"orf1a:i2230t"	668852	686013	"ORF1a"	"I"	"T"	2230	"None"	"substitution"	0.9749844390703967	"None"	"B.1.1.7"	"orf1a_i2230t"	
"s:del69/70"	668228	686013	"S"	"S:DEL69/70"	"DEL69/70"	69	70	"deletion"	0.9740748353165319	6	"B.1.1.7"	"s_del69_70"	
"orf1a:del3675/3677"	665824	686013	"ORF1a"	"ORF1A:DEL3675/3677"	"DEL3675/3677"	3675	3677	"deletion"	0.9705705285468351	9	"B.1.1.7"	"orf1a_del3675_3677"	
"s:del144/145"	655913	686013	"S"	"S:DEL144/145"	"DEL144/145"	144	145	"deletion"	0.9561232804626152	6	"B.1.1.7"	"s_del144_145"	
"n:g204r"	623998	686013	"N"	"G"	"R"	204	"None"	"substitution"	0.9096008384680757	"None"	"B.1.1.7"	"n_g204r"	
